algo,reward,n_seeds,mean_eval_return,std_eval_return,mean_win_rate,std_win_rate,mean_draw_rate,std_draw_rate,mean_loss_rate,std_loss_rate,mean_ep_len,std_ep_len
a2c,r0,3,-0.05143333333333333,0.00022484562605386727,0.42608333333333337,0.0009131751687868413,0.0964,0.0019091883092036774,0.47751666666666664,0.001006920497799541,1.5458999999999998,0.015880333749641335
a2c,r1,3,-0.0509,0.0025537554046279904,0.42758333333333337,0.0010370899457402601,0.09393333333333333,0.0017465839675078728,0.4784833333333333,0.001926280238063922,1.5309333333333335,0.016488497674304776
a2c,r2,3,-0.05485,0.0022349496638627026,0.4244666666666667,0.0007352248333371022,0.09621666666666666,0.0012795398478446147,0.4793166666666666,0.0016659998666133061,1.5603833333333332,0.006001296156294508
doubleq,r0,3,-0.05446666666666667,0.008026656976738338,0.4258166666666667,0.0038996438583827403,0.0939,0.0002483277404291877,0.48028333333333334,0.004127617014964229,1.5733666666666668,0.00454502169656235
doubleq,r1,3,-0.05280000000000001,0.004897107990096468,0.4263333333333333,0.0014383632673594315,0.09453333333333334,0.002417413677649917,0.47913333333333336,0.0035838371738806728,1.5657333333333334,0.012858870695187668
doubleq,r2,3,-0.0557,0.007941137617915121,0.42473333333333335,0.0028119783466844604,0.09483333333333333,0.00232103903935764,0.4804333333333333,0.005130031405578557,1.5709166666666665,0.02227290331820756
